Calc m/z,Charge,Evidence,Exp m/z,Is decoy,MS-GF:DeNovoScore,MS-GF:EValue,MS-GF:RawScore,MS-GF:SpecEValue,Modifications,PSM-level FDRScore,PSM-level local FDR,PSM-level q-value,PSM_ID,Pass Threshold,Raw data location,Retention Time (s),Sequence,Spectrum ID,Spectrum Title,proteinacc_start_stop_pre_post_;,rank,Location,ORFID,SubjectID,variationID,variationType
1375.649292,2.0,Full,1375.655396,0.0,234.0,8.38e-11,200.0,2.13e-18,Carbamidomethyl:15,3.58e-12,0.0,0.0,SII_125729_1,1.0,/data/scratch/btw796/Data/HumanAdeno/MS/DM_from_raw.mgf,-1.0,AYHEQLSVAEITNACFEPANQMVK,index=125728,DM_1.17899.17899.2,Dataset_A_asmbl_13329_ORF25_Frame_3_117-1469_281_304_K_C,1.0,287,Dataset_A_asmbl_13329_ORF25_Frame_3_117-1469,Q9BQE3,310149.1,SSAP
1375.649292,2.0,Full,1375.657471,0.0,225.0,1.1599999999999999e-10,198.0,2.9399999999999998e-18,Carbamidomethyl:15,4.940000000000001e-12,0.0,0.0,SII_105782_1,1.0,/data/scratch/btw796/Data/HumanAdeno/MS/DM_from_raw.mgf,-1.0,AYHEQLSVAEITNACFEPANQMVK,index=105781,DM_1.18167.18167.2,Dataset_A_asmbl_13329_ORF25_Frame_3_117-1469_281_304_K_C,1.0,287,Dataset_A_asmbl_13329_ORF25_Frame_3_117-1469,Q9BQE3,310149.1,SSAP
922.7668457000001,3.0,Full,922.7677612,0.0,127.0,4.81e-07,95.0,1.22e-14,Carbamidomethyl:15;Oxidation:22,2.0499999999999998e-08,0.0,0.0,SII_124576_1,1.0,/data/scratch/btw796/Data/HumanAdeno/MS/DM_from_raw.mgf,-1.0,AYHEQLSVAEITNACFEPANQMVK,index=124575,DM_1.16552.16552.3,Dataset_A_asmbl_13329_ORF25_Frame_3_117-1469_281_304_K_C,1.0,287,Dataset_A_asmbl_13329_ORF25_Frame_3_117-1469,Q9BQE3,310149.1,SSAP
917.4352417000001,3.0,Full,917.4330444,0.0,99.0,7.5e-07,71.0,1.91e-14,Carbamidomethyl:15,3.2e-08,0.0,0.0,SII_125708_1,1.0,/data/scratch/btw796/Data/HumanAdeno/MS/DM_from_raw.mgf,-1.0,AYHEQLSVAEITNACFEPANQMVK,index=125707,DM_1.17875.17875.3,Dataset_A_asmbl_13329_ORF25_Frame_3_117-1469_281_304_K_C,1.0,287,Dataset_A_asmbl_13329_ORF25_Frame_3_117-1469,Q9BQE3,310149.1,SSAP
917.4352417000001,3.0,Full,917.4331055,0.0,101.0,1.1e-06,72.0,2.8e-14,Carbamidomethyl:15,4.71e-08,0.0,0.0,SII_66899_1,1.0,/data/scratch/btw796/Data/HumanAdeno/MS/DM_from_raw.mgf,-1.0,AYHEQLSVAEITNACFEPANQMVK,index=66898,DM_1.17661.17661.3,Dataset_A_asmbl_13329_ORF25_Frame_3_117-1469_281_304_K_C,1.0,287,Dataset_A_asmbl_13329_ORF25_Frame_3_117-1469,Q9BQE3,310149.1,SSAP
917.4352417000001,3.0,Full,917.4331664999999,0.0,117.0,5.05e-06,82.0,1.2799999999999998e-13,Carbamidomethyl:15,2.16e-07,0.0,0.0,SII_86184_1,1.0,/data/scratch/btw796/Data/HumanAdeno/MS/DM_from_raw.mgf,-1.0,AYHEQLSVAEITNACFEPANQMVK,index=86183,DM_1.17946.17946.3,Dataset_A_asmbl_13329_ORF25_Frame_3_117-1469_281_304_K_C,1.0,287,Dataset_A_asmbl_13329_ORF25_Frame_3_117-1469,Q9BQE3,310149.1,SSAP
917.4352417000001,3.0,Full,917.4337158,0.0,112.0,1.98e-05,70.0,5.030000000000001e-13,Carbamidomethyl:15,8.440000000000001e-07,0.0,0.0,SII_105769_1,1.0,/data/scratch/btw796/Data/HumanAdeno/MS/DM_from_raw.mgf,-1.0,AYHEQLSVAEITNACFEPANQMVK,index=105768,DM_1.18152.18152.3,Dataset_A_asmbl_13329_ORF25_Frame_3_117-1469_281_304_K_C,1.0,287,Dataset_A_asmbl_13329_ORF25_Frame_3_117-1469,Q9BQE3,310149.1,SSAP
1378.659302,2.0,Full,1379.164917,0.0,230.0,3.8299999999999996e-05,153.0,9.74e-13,Carbamidomethyl:15;unknown modification:24,1.64e-06,0.0,0.0,SII_105799_1,1.0,/data/scratch/btw796/Data/HumanAdeno/MS/DM_from_raw.mgf,-1.0,AYHEQLSVAEITNACFEPANQMVK,index=105798,DM_1.18187.18187.2,Dataset_A_asmbl_13329_ORF25_Frame_3_117-1469_281_304_K_C,1.0,287,Dataset_A_asmbl_13329_ORF25_Frame_3_117-1469,Q9BQE3,310149.1,SSAP
920.1066284,3.0,Full,920.1063232000001,0.0,106.0,5.7100000000000006e-05,68.0,1.45e-12,Carbamidomethyl:15;unknown modification:24,2.44e-06,0.0,0.0,SII_106187_1,1.0,/data/scratch/btw796/Data/HumanAdeno/MS/DM_from_raw.mgf,-1.0,AYHEQLSVAEITNACFEPANQMVK,index=106186,DM_1.18646.18646.3,Dataset_A_asmbl_13329_ORF25_Frame_3_117-1469_281_304_K_C,1.0,287,Dataset_A_asmbl_13329_ORF25_Frame_3_117-1469,Q9BQE3,310149.1,SSAP
924.7736206000001,3.0,Full,925.1057739,0.0,110.0,0.0037275,68.0,9.480000000000001e-11,Carbamidomethyl:15;Oxidation:22;unknown modification:24,0.00018600000000000002,0.000185,0.000182,SII_104670_1,1.0,/data/scratch/btw796/Data/HumanAdeno/MS/DM_from_raw.mgf,-1.0,AYHEQLSVAEITNACFEPANQMVK,index=104669,DM_1.16859.16859.3,Dataset_A_asmbl_13329_ORF25_Frame_3_117-1469_281_304_K_C,1.0,287,Dataset_A_asmbl_13329_ORF25_Frame_3_117-1469,Q9BQE3,310149.1,SSAP
919.4418945,3.0,Full,919.7741699,0.0,128.0,0.004196377,77.0,1.0699999999999999e-10,Carbamidomethyl:15;unknown modification:24,0.000195,0.000183,0.000182,SII_125703_1,1.0,/data/scratch/btw796/Data/HumanAdeno/MS/DM_from_raw.mgf,-1.0,AYHEQLSVAEITNACFEPANQMVK,index=125702,DM_1.17869.17869.3,Dataset_A_asmbl_13329_ORF25_Frame_3_117-1469_281_304_K_C,1.0,287,Dataset_A_asmbl_13329_ORF25_Frame_3_117-1469,Q9BQE3,310149.1,SSAP
924.7736206000001,3.0,Full,925.1083374,0.0,116.0,0.005079359,58.0,1.29e-10,Carbamidomethyl:15;Oxidation:22;unknown modification:24,0.00022,0.00021600000000000002,0.00021400000000000002,SII_124583_1,1.0,/data/scratch/btw796/Data/HumanAdeno/MS/DM_from_raw.mgf,-1.0,AYHEQLSVAEITNACFEPANQMVK,index=124582,DM_1.16561.16561.3,Dataset_A_asmbl_13329_ORF25_Frame_3_117-1469_281_304_K_C,1.0,287,Dataset_A_asmbl_13329_ORF25_Frame_3_117-1469,Q9BQE3,310149.1,SSAP
922.7668457000001,3.0,Full,922.7675171,0.0,119.0,0.006216791,70.0,1.5800000000000002e-10,Carbamidomethyl:15;Oxidation:22,0.000265,0.000265,0.000265,SII_104716_1,1.0,/data/scratch/btw796/Data/HumanAdeno/MS/DM_from_raw.mgf,-1.0,AYHEQLSVAEITNACFEPANQMVK,index=104715,DM_1.16913.16913.3,Dataset_A_asmbl_13329_ORF25_Frame_3_117-1469_281_304_K_C,1.0,287,Dataset_A_asmbl_13329_ORF25_Frame_3_117-1469,Q9BQE3,310149.1,SSAP
925.4382324,3.0,Full,925.4373168999999,0.0,113.0,0.021435915,61.0,5.45e-10,Carbamidomethyl:15;Oxidation:22;unknown modification:24,0.000789,0.00078,0.00078,SII_104704_1,1.0,/data/scratch/btw796/Data/HumanAdeno/MS/DM_from_raw.mgf,-1.0,AYHEQLSVAEITNACFEPANQMVK,index=104703,DM_1.16899.16899.3,Dataset_A_asmbl_13329_ORF25_Frame_3_117-1469_281_304_K_C,1.0,287,Dataset_A_asmbl_13329_ORF25_Frame_3_117-1469,Q9BQE3,310149.1,SSAP
920.1066284,3.0,Full,920.1051025,0.0,127.0,0.023968866000000002,73.0,6.090000000000001e-10,Carbamidomethyl:15;unknown modification:24,0.0008730000000000001,0.000868,0.000867,SII_66878_1,1.0,/data/scratch/btw796/Data/HumanAdeno/MS/DM_from_raw.mgf,-1.0,AYHEQLSVAEITNACFEPANQMVK,index=66877,DM_1.17636.17636.3,Dataset_A_asmbl_13329_ORF25_Frame_3_117-1469_281_304_K_C,1.0,287,Dataset_A_asmbl_13329_ORF25_Frame_3_117-1469,Q9BQE3,310149.1,SSAP
917.4352417000001,3.0,Full,917.4337768999999,0.0,84.0,0.08117595,42.0,2.0600000000000003e-09,Carbamidomethyl:15,0.002449646,0.002440292,0.002439975,SII_110901_1,1.0,/data/scratch/btw796/Data/HumanAdeno/MS/DM_from_raw.mgf,-1.0,AYHEQLSVAEITNACFEPANQMVK,index=110900,DM_1.24408.24408.3,Dataset_A_asmbl_13329_ORF25_Frame_3_117-1469_281_304_K_C,1.0,287,Dataset_A_asmbl_13329_ORF25_Frame_3_117-1469,Q9BQE3,310149.1,SSAP
917.4352417000001,3.0,Full,917.7612914999999,0.0,99.0,0.28315029999999997,51.0,7.2e-09,Carbamidomethyl:15,0.006731312,0.006725531999999999,0.006724009,SII_105474_1,1.0,/data/scratch/btw796/Data/HumanAdeno/MS/DM_from_raw.mgf,-1.0,AYHEQLSVAEITNACFEPANQMVK,index=105473,DM_1.17806.17806.3,Dataset_A_asmbl_13329_ORF25_Frame_3_117-1469_281_304_K_C,1.0,287,Dataset_A_asmbl_13329_ORF25_Frame_3_117-1469,Q9BQE3,310149.1,SSAP
886.9530028999999,2.0,Full,886.9523926,0.0,168.0,9.98e-06,136.0,2.6600000000000003e-13,unknown modification:15,4.2600000000000003e-07,0.0,0.0,SII_144160_1,1.0,/data/scratch/btw796/Data/HumanAdeno/MS/DM_from_raw.mgf,-1.0,NPEISHLLNNPDIMR,index=144159,DM_1.16582.16582.2,Dataset_A_asmbl_58691_ORF8_Frame_2_20-631_25_39_R_Q,1.0,31,Dataset_A_asmbl_58691_ORF8_Frame_2_20-631,Q9UMX0-2,227605.1,SSAP
588.3016968,3.0,Full,588.3029175,0.0,62.0,0.003197425,43.0,8.529999999999999e-11,,0.000162,0.00015,0.000149,SII_144158_1,1.0,/data/scratch/btw796/Data/HumanAdeno/MS/DM_from_raw.mgf,-1.0,NPEISHLLNNPDIMR,index=144157,DM_1.16580.16580.3,Dataset_A_asmbl_58691_ORF8_Frame_2_20-631_25_39_R_Q,1.0,31,Dataset_A_asmbl_58691_ORF8_Frame_2_20-631,Q9UMX0-2,227605.1,SSAP
591.6377562999999,3.0,Full,591.6393433,0.0,63.0,0.006342315,42.0,1.6899999999999999e-10,unknown modification:15,0.000277,0.000265,0.000265,SII_144156_1,1.0,/data/scratch/btw796/Data/HumanAdeno/MS/DM_from_raw.mgf,-1.0,NPEISHLLNNPDIMR,index=144155,DM_1.16578.16578.3,Dataset_A_asmbl_58691_ORF8_Frame_2_20-631_25_39_R_Q,1.0,31,Dataset_A_asmbl_58691_ORF8_Frame_2_20-631,Q9UMX0-2,227605.1,SSAP
1073.050415,2.0,Full,1073.0505369999998,0.0,202.0,4.65e-13,192.0,1.21e-20,,1.98e-14,0.0,0.0,SII_147581_1,1.0,/data/scratch/btw796/Data/HumanAdeno/MS/DM_from_raw.mgf,-1.0,NQDLALSNLESIPGGYNALR,index=147580,DM_1.20577.20577.2,Dataset_A_asmbl_58691_ORF8_Frame_2_20-631_57_76_R_R,1.0,60,Dataset_A_asmbl_58691_ORF8_Frame_2_20-631,Q9UMX0-2,227605.3,SAP
1078.0545650000001,2.0,Full,1078.0548099999999,0.0,236.0,7.03e-07,184.0,1.83e-14,unknown modification:20,3e-08,0.0,0.0,SII_147592_1,1.0,/data/scratch/btw796/Data/HumanAdeno/MS/DM_from_raw.mgf,-1.0,NQDLALSNLESIPGGYNALR,index=147591,DM_1.20590.20590.2,Dataset_A_asmbl_58691_ORF8_Frame_2_20-631_57_76_R_R,1.0,60,Dataset_A_asmbl_58691_ORF8_Frame_2_20-631,Q9UMX0-2,227605.3,SAP
